{
  "steps": [
    1,
    2
  ],
  "losses": [
    1.2979377508163452,
    0.8407318592071533
  ],
  "rewards": [
    0.0,
    0.0
  ],
  "epoch_avg_rewards": [
    0.0
  ]
}