{
  "steps": [
    1,
    2
  ],
  "losses": [
    1.0916904211044312,
    0.7938543558120728
  ],
  "rewards": [
    0.0,
    0.0
  ],
  "epoch_avg_rewards": [
    0.0
  ]
}