{
  "steps": [
    1,
    2
  ],
  "losses": [
    0.9557622671127319,
    0.7871522903442383
  ],
  "rewards": [
    0.0,
    0.0
  ],
  "epoch_avg_rewards": [
    0.0
  ]
}