{
  "steps": [
    1,
    2
  ],
  "losses": [
    1.0727624893188477,
    0.6715836524963379
  ],
  "rewards": [
    0.0,
    0.0
  ],
  "epoch_avg_rewards": [
    0.0
  ]
}