{
  "steps": [
    1,
    2
  ],
  "losses": [
    0.9278869032859802,
    0.7257465124130249
  ],
  "rewards": [
    0.0,
    0.0
  ],
  "epoch_avg_rewards": [
    0.0
  ]
}