{
  "steps": [
    1,
    2
  ],
  "losses": [
    0.8904897570610046,
    -0.689727783203125
  ],
  "rewards": [
    0.0,
    1.0
  ],
  "epoch_avg_rewards": [
    0.5
  ]
}