{
  "steps": [
    1,
    2
  ],
  "losses": [
    0.9813178777694702,
    0.812938928604126
  ],
  "rewards": [
    0.0,
    0.0
  ],
  "epoch_avg_rewards": [
    0.0
  ]
}