{
  "steps": [
    1,
    2
  ],
  "losses": [
    0.7709047794342041,
    -0.6054608821868896
  ],
  "rewards": [
    0.0,
    1.0
  ],
  "epoch_avg_rewards": [
    0.5
  ]
}