{"reward_mean":0,"reward_max":0,"reward_min":0,"_wandb":{"runtime":1813},"_runtime":1813,"_timestamp":1.764855931761176e+09,"_step":13,"loss":0.2851148545742035}