{
  "steps": [
    1,
    2
  ],
  "losses": [
    0.8959530591964722,
    0.768025279045105
  ],
  "rewards": [
    0.0,
    0.0
  ],
  "epoch_avg_rewards": [
    0.0
  ]
}