{"_runtime":187,"reward_max":0,"reward_min":0,"_timestamp":1.7648181674236135e+09,"_step":0,"loss":1.6876949071884155,"reward_mean":0,"_wandb":{"runtime":187}}